Name,Symbol
3D Systems,DDD
3M,MMM
58Com Inc Adr,WUBA
8x8,EGHT
A10 Network,ATEN
AAR,AIR
Aarons,AAN
ABB ADR,ABB
Abbott Labs,ABT
AbbVie,ABBV
Abercrombie&Fitch,ANF
ABM Industries,ABM
Acadia,AKR
Accenture,ACN
Acco Brands,ACCO
Acorn,ATV
Actuant,EPAC
Acuity Brands,AYI
Acushnet Holdings,GOLF
Adecoagro SA,AGRO
Adient,ADNT
ADS,WMS
ADT,ADT
Adtalem Education,ATGE
Advance Auto Parts,AAP
Advanced Disposal,ADSW
AdvanSix,ASIX
Aecom Technology,ACM
Aegon ADR,AEG
AerCap Holdings NV,AER
Aerojet Rocketdyne,AJRD
Affiliated Managers,AMG
Aflac,AFL
AG Mortgage Investment,MITT
AGCO,AGCO
Agilent Technologies,A
Agnico Eagle Mines,AEM
Agree,ADC
AH Belo,AHC
AIG,AIG
Air Lease,AL
Air Products,APD
Alamo,ALG
Alamos Gold,AGI
Alaska Air,ALK
Albany,AIN
Albemarle,ALB
Alcoa,AA
Alcon,ALC
Alexander&Baldwin,ALEX
Alexanders,ALX
Alexandria RE,ARE
Algonquin Power,AQN
Alibaba ADR,BABA
Alleghany,Y
Allegheny Technologies,ATI
Allegion PLC,ALLE
Allergan,AGN
Allete,ALE
Alliance Data Systems,ADS
Allison Transmission,ALSN
Allstate,ALL
Ally Financial Inc,ALLY
Alteryx,AYX
Altice USA,ATUS
Altria,MO
Aluminum China ADR,ACH
Ambac,AMBC
Ambev SA,ABEV
AMC Entertainment,AMC
Amcor PLC,AMCR
Ameren,AEE
Ameresco,AMRC
America Movil ADR,AMX
America Movil ADR A,AMOV
American Assets,AAT
American Axle&Manufacturing,AXL
American Campus,ACC
American Eagle Outfitters,AEO
American Electric Power,AEP
American Equity Inv. Life,AEL
American Express,AXP
American Financial,AFG
American Realty Investors,ARL
American Renal Associates,ARA
American States Water,AWR
American Tower,AMT
American Vanguard,AVD
American Water Works,AWK
Americold Realty,COLD
Ameriprise Financial,AMP
AmerisourceBergen,ABC
Ametek,AME
AMH 4 Rent,AMH
Amira Nature Fds,RYCE
AMN Healthcare Services,AMN
Amneal Pharma A,AMRX
Ampco-Pittsburgh,AP
Amphenol,APH
Amplify Energy,AMPY
AMREP,AXR
AMTD International,HKIB
Anaplan,PLAN
Andina B,AKOb
AngloGold Ashanti ADR,AU
Anheuser Busch ADR,BUD
Anixter,AXE
Annaly Capital Management,NLY
Annovis Bio,ANVS
Antero Midstream,AM
Antero Resources Corp,AR
Anthem,ANTM
Anworth Mortgage Asset,ANH
AO Smith,AOS
Aon,AON
Apache,APA
Apartment Invest,AIV
Apergy,APY
Aphria,APHA
Apollo Commercial RE Finance,ARI
Apollo Global Management A,APO
Apple Hospitality REIT,APLE
Applied Industrial Technologies,AIT
AptarGroup,ATR
Aptiv,APTV
Aqua America,WTRG
Aramark Holdings,ARMK
Arbor,ABR
ARC Document Solutions,ARC
ArcelorMittal ADR,MT
Arch Coal,ARCH
Archer-Daniels-Midland,ADM
Archrock,AROC
Arconic Inc,ARNC
Arcos Dorados,ARCO
Arcosa,ACA
Arcus Biosciences,RCUS
Ardagh Group,ARD
Ardmore Shpng,ASC
Ares Commercial RE,ACRE
Argan,AGX
Argo Group Int,ARGO
Arista Networks,ANET
Arlington Asset Investment,AI
Arlo Technologies,ARLO
Armada Hflr Pr,AHH
ARMOUR Residential,ARR
Armstrong Flooring,AFI
Armstrong World Industries,AWI
Arrow Electronics,ARW
Arthur J Gallagher,AJG
Artisan Partners AM,APAM
Asbury Automotive,ABG
ASE Industrial ADR,ASX
ASGN,ASGN
Ashford Hospitality,AHT
Ashland Global,ASH
Aspen Aerogels Inc,ASPN
AssetMark,AMK
Associated Banc-Corp,ASB
Associated Capital Group Inc,AC
Assurant,AIZ
Assured Guaranty,AGO
AstraZeneca ADR,AZN
At Home Group,HOME
AT&T,T
Atento SA,ATTO
Athene Holding,ATH
Atkore Intl,ATKR
Atlantic Power,AT
Atmos Energy,ATO
Aurora Cannabis,ACB
Autohome ADR,ATHM
Autoliv,ALV
AutoNation,AN
AutoZone,AZO
Avalara,AVLR
AvalonBay,AVB
Avangrid Inc,AGR
Avanos Medical,AVNS
Avantor,AVTR
Avaya,AVYA
Avery Dennison,AVY
Avista,AVA
Axa Equitable,EQH
Axalta Coating Systems,AXTA
Axis Capital,AXS
Axos Financial,AX
Azul,AZUL
Azure Power Global,AZRE
AZZ,AZZ
B Riley Principal A,ALTG
B&G Foods,BGS
Babcock & Wilcox Enterprises,BW
Badger Meter,BMI
Baker Hughes A,BKR
Ball,BLL
Banc of California,BANC
Banco Bilbao ADR,BBVA
Banco Bradesco,BBD
Banco Bradesco S/A ADR,BBDO
Banco De Chile,BCH
Banco Santander Brasil ADR,BSBR
Bancorpsouth Bank,BXS
Bank of America,BAC
Bank of Hawaii,BOH
Bank of Montreal,BMO
Bank of N.T. Butterfield Son,NTB
Bank of Nova Scotia,BNS
Bank of NY Mellon,BK
BankUnited,BKU
Barclays ADR,BCS
Barings BDC,BBDC
Barnes,B
Barnes & Noble Education Inc,BNED
Barrick Gold,GOLD
Bausch Health,BHC
Baxter,BAX
BBVA Banco Frances ADR,BBAR
BBX Capital,BBX
BCE Inc.,BCE
Beazer Homes USA,BZH
Becton Dickinson,BDX
Belden,BDC
Benchmark Electronics,BHE
Berkshire Hathaway,BRKa
Berkshire Hathaway B,BRKb
Berkshire Hills Bancorp,BHLB
Berry Global,BERY
BEST,BEST
Best Buy,BBY
BHP Billiton ADR,BBL
BHP Billiton Ltd ADR,BHP
Big Lots,BIG
Biglari,BH
Biglari A,BHa
Bio-Rad Labs,BIO
Bio-Rad Labs B,BIOb
Biohaven Pharma,BHVN
Bitauto,BITA
BJs Wholesale Club,BJ
Black Hills,BKH
Black Knight,BKI
BlackBerry,BB
BlackRock,BLK
Blackstone Mortgage,BXMT
Bloom Energy,BE
Blue Apron,APRN
Bluegreen Vacations,BXG
BlueLinx,BXC
BLX SA,BLX
Boeing,BA
Boise Cascad Llc,BCC
Bonanza Creek Energy,BCEI
Boot Barn Holdin,BOOT
Booz Allen Hamilton,BAH
BorgWarner,BWA
Boston Beer,SAM
Boston Properties,BXP
Boston Scientific,BSX
Box Inc,BOX
Boyd Gaming,BYD
BP ADR,BP
Brady,BRC
Braemar Hotel,BHR
Brandywine,BDN
Brasilagro Adr,LND
BRF,BRFS
Briggs&Stratton,BGG
Brigham Minerals,MNRL
Bright Horizons Family Solutions Inc,BFAM
Bright Scholar A,BEDU
BrightView Holdings,BV
Brinker,EAT
Brinks,BCO
Bristol-Myers Squibb,BMY
British American Tobacco ADR,BTI
Brixmor Property,BRX
Broadridge,BR
Brookdale Senior Living,BKD
Brookfield Asset Management,BAM
Brown Forman,BFb
Brown Forman A,BFa
Brown&Brown,BRO
BRT,BRT
Brunswick,BC
Buckle,BKE
Buenaventura Mining ADR,BVN
Build-A-Bear Workshop,BBW
Bunge,BG
Burlington Stores,BURL
BWX Tech,BWXT
Byline Bancorp,BY
Cable One Inc,CABO
Cabot Corp,CBT
Cabot Oil&Gas,COG
CACI,CACI
Cactus,WHD
Cadence Bancorp,CADE
CAE Inc.,CAE
Cai,CAI
Caleres,CAL
California Resources Corp,CRC
California Water Service,CWT
Calix,CALX
Callaway Golf,ELY
Callon Petroleum,CPE
Camden Property,CPT
Cameco,CCJ
Campbell Soup,CPB
Camping World Holdings,CWH
Canada Goose,GOOS
Canadian Imperial Bank,CM
Canadian National Railway,CNI
Canadian Natural,CNQ
Canadian Pacific Railway,CP
Cango,CANG
Cannae,CNNE
Canon ADR,CAJ
Canopy Growth,CGC
Cantel Medical,CMD
Capital One Financial,COF
Capital Senior Living,CSU
Capri Holdings,CPRI
Capstead Mortgage,CMO
Cardinal Health,CAH
Carlisle,CSL
CarMax,KMX
Carnival ADS,CUK
Carnival Corp,CCL
Carpenter Technology,CRS
Carriage Services,CSV
Cars.com,CARS
Carter’s,CRI
Carvana,CVNA
Casper Sleep,CSPR
Castlight Health,CSLT
Catalent Inc,CTLT
Catchmark Timber,CTT
Caterpillar,CAT
Cato,CATO
CBIZ,CBZ
CBL & Associates,CBL
CBRE A,CBRE
Cedar Realty,CDR
Celanese,CE
Celestica Inc.,CLS
Cellcom,CEL
Cementos Pacasmayo,CPAC
Cemex ADR,CX
CEMIG PN ADR,CIG
Cenovus Energy Inc,CVE
Centene,CNC
CenterPoint Energy,CNP
Centrais Electricas Brasileiras,EBR
Centrais Eletricas Brasileiras ADR,EBRb
Central Puerto,CEPU
Century Communities,CCS
CenturyLink,CTL
Ceridian HCM,CDAY
CF Industries,CF
CGI Inc,GIB
Channeladvsr Co,ECOM
Chaparral Energy A,CHAP
Charah Solutions,CHRA
Charles River Laboratories,CRL
Charles Schwab,SCHW
Chatham Lodging,CLDT
Cheetah Mobile Inc,CMCM
Chegg Inc,CHGG
Chemed,CHE
Chemours Co,CC
Cherry Hill Mortgage,CHMI
Chesapeake Energy,CHK
Chesapeake Utilities,CPK
Chevron,CVX
Chewy,CHWY
Chicos FAS,CHS
Chimera Investment,CIM
China Cord Blood,CO
China Distance Education,DL
China Eastern Airlines,CEA
China Green Agriculture,CGA
China Life Insurance ADR,LFC
China Mobile ADR,CHL
China Online ADR,COE
China Petrol & Chemical ADR,SNP
China Rapid Finance,XRF
China Southern Airlines ADR,ZNH
China Telecom,CHA
China Unicom Hong Kong ADR,CHU
China Yuchai,CYD
Chipotle Mexican Grill,CMG
Choice Hotels,CHH
Chubb,CB
Chunghwa Telecom,CHT
Church&Dwight,CHD
Ciena Corp,CIEN
Cigna,CI
Cimarex Energy,XEC
Cincinnati Bell,CBB
Cinemark,CNK
CIRCOR,CIR
CIT,CIT
Citigroup,C
Citizens,CIA
Citizens Financial Group Inc,CFG
City Office,CIO
Civeo,CVEO
Clarivate Analytics,CCC
Clean Harbors,CLH
Clear Channel,CCO
Clearwater Paper,CLW
Clearway Energy C,CWEN
Cleveland-Cliffs,CLF
Clipper Realty,CLPR
Clorox,CLX
Cloudera,CLDR
CMS Energy,CMS
CNA Financial,CNA
CNFinance,CNF
CNH Industrial NV,CNHI
CNO Financial,CNO
CNOOC ADR,CEO
CNX Resources,CNX
Coca-Cola,KO
Coca-Cola European,CCEP
Coeur Mining,CDE
Cohen Steers,CNS
Colfax,CFX
Colgate-Palmolive,CL
Collier Creek,CCH
Colony Capital A,CLNY
Colony Northstar Credit,CLNC
Columbia Pr,CXP
Comerica,CMA
Comfort Systems,FIX
Commercial Metals,CMC
Community Bank System,CBU
Community Health Systems,CYH
Community Healthcare Trust Inc,CHCT
Compania Cervecerias Unidas,CCU
Compass Diversified,CODI
Compass Minerals,CMP
Comstock Resources,CRK
ConAgra Foods,CAG
Concho Resources,CXO
Concord Medical Services,CCM
CONMED,CNMD
ConocoPhillips,COP
Consol Energy,CEIX
Consolidated Edison,ED
Constellation Brands A,STZ
Constellation Brands B,STZb
Constellium Nv,CSTM
Container Store,TCS
Continental Resources,CLR
Contura Energy,CTRA
Cooper,COO
Cooper Stnd,CPS
Cooper Tire&Rubber,CTB
CooTek Cayman,CTK
Copa,CPA
COPEL ADR,ELP
Core Laboratories,CLB
CoreCivic,CXW
CoreLogic,CLGX
Corenergy Infras,CORR
CorePoint Lodging,CPLG
CoreSite,COR
Cornerstone Building,CNR
Corning,GLW
Corporacion America Airports,CAAP
Corporate Office Properties,OFC
Corteva,CTVA
Cosan Ltd,CZZ
Costamare,CMRE
Coty Inc,COTY
Cousins Properties,CUZ
Covanta,CVA
Covia,CVIA
CPB,CPF
Crane,CR
Crawford&Co,CRDa
Crawford&Comp D,CRDb
Credicorp,BAP
Credit Suisse ADR,CS
Crescent Point Energy,CPG
CRH ADR,CRH
Cross Timbers Royalty Trust,CRT
Crown,CCK
Crown Castle,CCI
CryoLife,CRY
CTS Corp,CTS
CubeSmart,CUBE
Cubic,CUB
Cullen/Frost Bankers,CFR
Culp,CULP
Cummins,CMI
Curo Group,CURO
Curtiss-Wright,CW
Cushman & Wakefield,CWK
Customers Bancorp,CUBI
CVR Energy,CVI
CVS Health Corp,CVS
Dana,DAN
Danaher,DHR
Danaos,DAC
Daqo New Energy ADR,DQ
Darden Restaurants,DRI
Darling Ingredients,DAR
DaVita,DVA
Deckers Outdoor,DECK
Deere&Company,DE
Delek US Energy,DK
Dell Tech,DELL
Delphi Tech,DLPH
Delta Air Lines,DAL
Deluxe,DLX
Denbury Resources,DNR
Designer Brands,DBI
Despegar.com,DESP
Deutsche Bank AG,DB
Devon Energy,DVN
DHI Group,DHX
DHT Holdings Inc,DHT
Diageo ADR,DEO
Diamond Offshore Drilling,DO
Diamond S Shipping,DSSI
Diamondrock Hospitality,DRH
Diana Shipping,DSX
Dick’s Sporting Goods,DKS
Diebold,DBD
Digital,DLR
Dillards,DDS
DineEquity,DIN
Discover,DFS
Dolby Labs,DLB
Dollar General,DG
Dominion Energy,D
Domino’s Pizza Inc,DPZ
Domtar Corporation,UFS
Donaldson,DCI
Donnelley Financial Solutions,DFIN
Dorian LPG Ltd,LPG
Douglas Dynamics,PLOW
Douglas Emmett,DEI
Dover,DOV
Dover Motorsports,DVD
Dow,DOW
DR Horton,DHI
Dr Reddys Labs,RDY
DRDGOLD ADR,DRD
Dril-Quip,DRQ
Drive Shack,DS
DTE Energy,DTE
Ducommun,DCO
Duke,DRE
Duke Energy,DUK
DuPont,DD
DXC Technology,DXC
Dycom Industries,DY
Dynatrace Holdings,DT
Dynex Capital,DX
Eagle Materials,EXP
Earthstone Energy,ESTE
Easterly Government Properties,DEA
EastGroup Properties,EGP
Eastman Chemical,EMN
Eastman Kodak,KODK
Eaton,ETN
Eaton Vance,EV
Ecolab,ECL
Ecopetrol ADR,EC
Edenor ADR,EDN
Edgewell Personal Care,EPC
Edison,EIX
Edwards Lifesciences,EW
El Paso Electric,EE
Elanco Animal Health,ELAN
Elastic,ESTC
Eldorado Gold,EGO
Element Solutions,ESI
Elevate Credit,ELVT
ELF Beauty,ELF
Eli Lilly,LLY
Ellington Financial,EFC
Ellington Residential Mortgage,EARN
Embotelladora Andina,AKOa
Embraer ADR,ERJ
EMCOR,EME
Emerald Expositions,EEX
Emergent Biosolutions,EBS
Emerson,EMR
Empire State Realty,ESRT
Employers,EIG
Enbridge,ENB
Encompass Health,EHC
Endava,DAVA
Endeavour Silver,EXK
Enel Americas ADR,ENIA
Energetica Minas Gerais Cemig C,CIGc
Energizer,ENR
Enersis Chile,ENIC
Enersys,ENS
ENI ADR,E
Ennis,EBF
Enova International Inc,ENVA
Enpro Industries,NPO
Ensco Rowan,VAL
Entercom,ETM
Entergy,ETR
Entravision,EVC
Envestnet,ENV
Envista Holdings,NVST
Enzo Biochem,ENZ
EOG Resources,EOG
EPAM Systems,EPAM
EPR Properties,EPR
EQT,EQT
Equifax,EFX
Equinor ADR,EQNR
Equitrans Midstream,ETRN
Equity Commonwealth,EQC
Equity Lifestyle,ELS
Equity Residential,EQR
Era Group Inc,ERA
Eros,EROS
ESCO Technologies,ESE
Essent Group Ltd,ESNT
Essential Properties,EPRT
Essex Property,ESS
Estee Lauder,EL
Ethan Allen Interiors,ETH
Euronav,EURN
Eventbrite A,EB
Evercore,EVR
Everest,RE
Evergy,EVRG
Everi Holdings,EVRI
Eversource Energy,ES
Evertec Inc,EVTC
Evolent Health Inc,EVH
Evoqua Water,AQUA
Exantas Capital,XAN
Express,EXPR
Exterran Corp,EXTN
Extra Space Storage,EXR
Exxon Mobil,XOM
Fabrinet,FN
FactSet Research,FDS
Fair Isaac,FICO
Fang Holdings,SFUN
Far Point A,FPAC
Farfetch A,FTCH
Farmland Partners,FPI
Fastly,FSLY
FB Financial,FBK
FBL,FFG
Federal Agricultural Mortgage,AGM
Federal Agricultural Mortgage A,AGMa
Federal Realty,FRT
Federal Signal,FSS
Federated Investors B,FHI
FedEx,FDX
Ferrari NV,RACE
Ferro,FOE
FGL,FG
Fiat,FCAU
Fidelity Financial,FNF
Fidelity National Info,FIS
First American,FAF
First Bancorp,FBP
First Commonwealth Financial,FCF
First Horizon National,FHN
First Industrial RT,FR
First Majestic Silver,AG
First Republic Bank,FRC
FirstEnergy,FE
Fitbit Inc,FIT
Five Point,FPH
Fiverr International,FVRR
Flagstar Bancorp,FBC
FleetCor,FLT
Floor & Decor,FND
Flotek,FTK
Flowers Foods,FLO
Flowserve,FLS
Fluor,FLR
Fly Leasing,FLY
FMC,FMC
FNB,FNB
Fomento Economico Mexicano,FMX
Foot Locker,FL
Ford Motor,F
Forestar,FOR
Fortis Inc,FTS
Fortive,FTV
Fortress Transport Infrast,FTAI
Fortuna Silver,FSM
Fortune Brands,FBHS
Forum Energy,FET
Foundation Building,FBM
Four Corners Property Trust Inc,FCPT
Four Seasons Education,FEDU
Franco-Nevada,FNV
Franklin Covey,FC
Franklin Financial Network Inc,FSB
Franklin Resources,BEN
Freeport-McMoran,FCX
Fresenius Medical Care ADR,FMS
Fresh Del Monte Produce,FDP
Front Yard Residential,RESI
Frontline,FRO
FS KKR Capital,FSK
FTI Consulting,FCN
FTS International,FTSI
FutureFuel,FF
GAIN,GCAP
Gamco,GBL
GameStop Corp,GME
Gannett,GCI
Gap,GPS
GAP ADR,PAC
Garrett Motion,GTX
Gartner,IT
GasLog,GLOG
Gates Industrial Corp,GTES
GATX,GATX
GCP Applied Tech,GCP
Genco Shipping Trading,GNK
Generac,GNRC
General Dynamics,GD
General Electric,GE
General Mills,GIS
General Motors,GM
Genesco,GCO
Genesis Healthcare Inc,GEN
Genie Energy,GNE
Genpact,G
Genuine Parts,GPC
Genworth,GNW
Geo,GEO
GeoPark Ltd,GPRK
Gerdau ADR,GGB
Getty,GTY
Gfl Environmental,GFL
Gildan Activewear,GIL
Glatfelter,GLT
Glaukos Corp,GKOS
GlaxoSmithKline ADR,GSK
Global Medical,GMRE
Global Net Lease,GNL
Global Payments,GPN
Global Ship Lease,GSL
Globant SA,GLOB
Globus Medical,GMED
GMS Inc,GMS
GNC,GNC
Godaddy Inc,GDDY
Gol Linhas Aereas ADR,GOL
Gold Fields ADR,GFI
Goldman Sachs,GS
Goldman Sachs BDC Closed End Fund,GSBD
Gorman-Rupp,GRC
GP Strategies,GPX
Graco,GGG
Graf Industrial,GRAF
GrafTech,EAF
Graham,GHM
Graham Holdings,GHC
Grana y Montero,GRAM
Granite Construction,GVA
Granite Point Mortgage,GPMT
Graphic Packaging,GPK
Gray Television,GTN
Gray Television A,GTNa
Great Ajax Corp,AJX
Great Western Bancorp Inc,GWB
Green Dot,GDOT
Greenbrier,GBX
Greenhill&Co,GHL
GreenTree Hospitality,GHG
Greif Bros,GEF
Greif Bros B,GEFb
Griffon,GFF
Group 1 Automotive,GPI
Grubhub Inc,GRUB
Grupo Aeroportuario Sureste ADR,ASR
Grupo Supervielle,SUPV
Grupo Televisa ADR,TV
GSX Techedu A,GSX
GTT Com,GTT
Guangshen Railway,GSH
Guess,GES
Guidewire,GWRE
H B Fuller,FUL
H&R Block,HRB
Haemonetics,HAE
Halliburton,HAL
Hamilton Beach  A,HBB
Hanesbrands,HBI
Hanger,HNGR
Hannon Armstrong,HASI
Harley-Davidson,HOG
Harmony Gold Mining,HMY
Harsco,HSC
Harte Hanks,HHS
Hartford,HIG
Haverty Furniture,HVT
Haverty Furniture A,HVTa
Hawaiian Electric Industries,HE
HC2 Holdings Inc,HCHC
HCA,HCA
HCI Group Inc,HCI
HDFC Bank ADR,HDB
Healthcare of America,HTA
Healthcare RT,HR
Healthpeak Properties,PEAK
Hecla Mining,HL
Heico,HEI
Heico A,HEIa
Helix,HLX
Helmerich Payne,HP
Herbalife,HLF
Herc Holdings,HRI
Hercules Capital,HTGC
Heritage Insurance,HRTG
Hersha,HT
Hershey,HSY
Hertz Global Holdings,HTZ
Hess,HES
Hewlett Packard,HPE
Hexcel,HXL
Hexo,HEXO
HighPoint,HPR
Highwoods Properties,HIW
Hill Intl,HIL
Hill-Rom,HRC
Hillenbrand,HI
Hilltop,HTH
Hilton Grand Vacations,HGV
Hilton Worldwide,HLT
HNI,HNI
HollyFrontier,HFC
Home Depot,HD
Honda Motor ADR,HMC
Honeywell,HON
Horace Mann Educators,HMN
Horizon Global Corp,HZN
Hormel Foods,HRL
Host Hotels Resorts,HST
Houlihan Lokey Inc,HLI
Hovnanian Enterprises,HOV
Howard Hughes,HHC
HP Inc,HPQ
HSBC ADR,HSBC
Huami,HMI
Huaneng Power,HNP
Hubbell,HUBB
HubSpot Inc,HUBS
HudBay Minerals,HBM
Hudson,HUD
Hudson Pacific,HPP
Humana,HUM
Hunt Finance,HCFT
Huntington Ingalls Industries,HII
Huntsman,HUN
HUYA,HUYA
Hyatt,H
Hystr Yl Mrl Hnd,HY
IAA,IAA
IAMGold,IAG
IBM,IBM
ICE,ICE
ICICI Bank ADR,IBN
ICL Israel Chemicals,ICL
IDACORP,IDA
IDEX,IEX
IDT,IDT
IFF,IFF
IGT,IGT
IHS Markit Ltd,INFO
Illinois Tool Works,ITW
Imax,IMAX
Independence,IHC
Independence Contract Drilling,ICD
Independence Realty Trust Inc,IRT
Industrias Bachoco ADR,IBA
Infosys ADR,INFY
ING ADR,ING
Ingersoll Rand,IR
Ingevity,NGVT
Ingredion,INGR
Innovative Industrial Properties,IIPR
Inphi,IPHI
Insperity,NSP
Inspire Medical Systems,INSP
Installed Building,IBP
Integer Hld,ITGR
Intelsat Sa,I
InterContinental ADR,IHG
Intercorp Financial Services,IFS
International NV,FI
International Paper,IP
International Seaways,INSW
Intrepid Potash,IPI
Invacare,IVC
Invesco,IVZ
Invesco Mortgage,IVR
Investors Real Estate,IRET
InVitae Corp,NVTA
Invitation Homes,INVH
Ion Geophysical,IO
IPG,IPG
Iqvia,IQV
Iron Mountain,IRM
IRSA ADR,IRS
istar Inc,STAR
Itau CorpBanca ADR,ITCB
ITT,ITT
J Alexanders Holdings Inc,JAX
J&J,JNJ
J.Jill,JILL
Jabil Circuit,JBL
Jacobs Engineering,J
James Hardie Industries ADR,JHX
Janus Henderson,JHG
JBG SMITH Properties,JBGS
JC Penney,JCP
Jefferies Financial,JEF
Jeld-Wen Holding,JELD
Jernigan Capital Inc,JCAP
Jianpu Tech,JT
JinkoSolar,JKS
JM Smucker,SJM
JMP,JMP
John Bean Tech,JBT
John Wiley&Sons,JWa
John Wiley&Sons B,JWb
Johnson Controls,JCI
Jones Lang LaSalle,JLL
JPMorgan,JPM
Jumei International Holding,JMEI
Jumia Tech,JMIA
Juniper,JNPR
Jupai Holdings Ltd,JP
Just Energy,JE
K12,LRN
Kadant,KAI
Kadmons,KDMN
Kaman,KAMN
Kansas City Southern,KSU
KAR Auction Services,KAR
KB Financial,KB
KB Home,KBH
KBR,KBR
Keane,NEX
Kellogg,K
Kemet,KEM
Kemper,KMPR
Kennametal,KMT
Kennedy-Wilson,KW
Kenon Holdings,KEN
Keurig Dr Pepper,KDP
KeyCorp,KEY
Keysight Technologies,KEYS
Kilroy,KRC
Kimberly-Clark,KMB
Kimco,KIM
Kinder Morgan,KMI
Kingsway Financial,KFS
Kinross Gold,KGC
Kirby,KEX
Kirkland Lake Gold,KL
Kite Realty,KRG
KKR & Co,KKR
KKR Real Estate,KREF
Knight Transportation,KNX
Knoll,KNL
Knowles Cor,KN
Kohls Corp,KSS
Koninklijke Philips ADR,PHG
Kontoor Brands,KTB
Koppers,KOP
Korea Electric Power,KEP
Korn/Ferry,KFY
Kosmos Energy,KOS
Kraton,KRA
Kroger,KR
Kronos Worldwide,KRO
KT,KT
L Brands,LB
L3Harris Technologies,LHX
La-Z-Boy,LZB
Laboratory America,LH
Ladder Capital A,LADR
LAIX,LAIX
Lamb Weston Holdings,LW
Lannett,LCI
Laredo Petroleum,LPI
Las Vegas Sands,LVS
LATAM Airlines ADR,LTM
Lazard,LAZ
LCI Industries,LCII
Leaf Group,LEAF
Lear,LEA
Lee Enterprises,LEE
Legacy Acquisition A,LGC
Legg Mason,LM
Leggett&Platt,LEG
Leidos,LDOS
Leju Holdings,LEJU
LendingClub Corp,LC
Lennar,LEN
Lennar B,LENb
Lennox,LII
Levi Strauss A,LEVI
Lexington,LXP
LG Display,LPL
Liberty Oilfield,LBRT
Life Storage,LSI
LightInTheBox,LITB
Lincoln National,LNC
Linde PLC,LIN
Lindsay,LNN
Line ADR,LN
Linx,LINX
Lions Gate,LGFa
Lions Gate,LGFa
Lithia Motors,LAD
Lithium Americas,LAC
Live Nation Entertainment,LYV
Livent,LTHM
Liveramp,RAMP
Lloyds Banking ADR,LYG
Lockheed Martin,LMT
Loews,L
Loma Negra ADR,LOMA
Louisiana-Pacific,LPX
Lowe’s,LOW
LS Starrett,SCX
Lsb Industries,LXU
LTC Properties,LTC
Lubys,LUB
Lumber Liquidators,LL
Luxfer,LXFR
Lydall,LDL
LyondellBasell Industries,LYB
M&T Bank,MTB
M/I Homes,MHO
Macerich,MAC
Mack-Cali,CLI
Macquarie Infrastructure Co,MIC
Macro Bank,BMA
Macy’s Inc,M
Madison Square Garden,MSG
Magna Intl,MGA
MagnaChip,MX
Magnolia Oil,MGY
Main Street Capital,MAIN
Mallinckrodt,MNK
Manchester United,MANU
Manitowoc,MTW
Manitowoc Foodservice,WBT
Manning&Napier,MN
ManpowerGroup,MAN
Manulife,MFC
Marathon Oil,MRO
Marathon Petroleum,MPC
Marcus,MCS
Marcus & Millichap,MMI
Marine Products,MPX
MarineMax,HZO
Markel,MKL
Marriot Vacations Worldwide,VAC
Marsh McLennan,MMC
Martin Marietta Materials,MLM
Masco,MAS
Masonite Int,DOOR
MasTec,MTZ
Mastercard,MA
Matador,MTDR
Materion,MTRN
Matson,MATX
Maui Land&Pineapple,MLP
Maxar Tech,MAXR
Maximus,MMS
MaxLinear,MXL
Mayville Engineering,MEC
MBIA,MBI
McCormick & Comp,MKCv
McCormick&Co,MKC
McDonald’s,MCD
McEwen Mining Inc.,MUX
McKesson,MCK
MDC,MDC
MDU Resources,MDU
Mechel ADR,MTL
Medallia,MDLA
Medical Properties,MPW
MEDIFAST,MED
Medley Management Inc,MDLY
Mednax,MD
Medtronic,MDT
Megalith Financial A,MFAC
Merck&Co,MRK
Mercury General,MCY
Meredith,MDP
Meritage,MTH
Meritor,MTOR
Mesa Royalty Trust,MTR
Mesabi Trust,MSB
Methode Electronics,MEI
MetLife,MET
Metropolitan Bank,MCB
Mettler-Toledo,MTD
MFA Financial,MFA
MFC Bancorp,SRL
MGIC Investment,MTG
MGM,MGM
MGM Growth Properties,MGP
Micro Focus ADR,MFGP
Mid-America Apartment,MAA
Miller Industries,MLR
Minerals Technologies,MTX
Mistras,MG
Mitsubishi UFJ Financial ADR,MUFG
Mix Telemats,MIXT
Mizuho Financial ADR,MFG
Mobil’nye Telesistemy ADR,MBT
Model N Inc,MODN
Modine Manufacturing,MOD
Moelis & Co,MC
MOGU,MOGU
Mohawk Industries,MHK
Molina Healthcare,MOH
Molson Coors Brewing A,TAPa
Molson Coors Brewing B,TAP
Monmouth RE,MNR
Montage Resources,MR
Moodys,MCO
Moog,MOGa
Moog B,MOGb
Morgan Stanley,MS
Mosaic,MOS
Motorola,MSI
Movado,MOV
MRC Global,MRC
MSA Safety,MSA
MSC Industrial Direct,MSM
MSCI,MSCI
MSG Networks Inc,MSGN
Mueller Industries,MLI
Mueller Water Products,MWA
Murphy Oil,MUR
Murphy USA Inc,MUSA
MVC Capital,MVC
Myers Industries,MYE
Myovant Sciences,MYOV
Nabors Industries,NBR
NACCO Industries,NC
Nam Tai Property,NTP
Nanometrics,ONTO
National Bank Holdings,NBHC
National Fuel Gas,NFG
National Grid ADR,NGG
National Health Investors,NHI
National Oilwell Varco,NOV
National Presto Industries,NPK
National Retail Properties,NNN
National Steel,SID
National Storage Affiliates Trust,NSA
Natural Gas Services,NGS
Natural Grocers Vitamin,NGVC
Natuzzi,NTZ
Nautilus,NLS
Navigator Holdings,NVGS
Navios Maritime,NNA
Navios Maritime Holdings,NM
Navistar,NAV
NCR,NCR
Neenah Paper,NP
Nelnet,NNI
NeoPhotonics,NPTN
Nesco Holdings,NSCO
Nevro Corp,NVRO
New Frontier A,NFH
New Home Co,NWHM
New Mountain Finance,NMFC
New Oriental Education&Tech,EDU
New Relic Inc,NEWR
New Residential Inv,NRZ
New Senior Investment Group,SNR
NewJersey Resources,NJR
NewMarket,NEU
Newmont Goldcorp,NEM
Newpark Resources,NR
NewYork Community Bancorp,NYCB
NewYork Times,NYT
Nexa Resources,NEXA
Nexpoint,NREF
Nexpoint Residential Trust Inc,NXRT
NextEra Energy,NEE
Nielsen,NLSN
Nike,NKE
Nine Energy,NINE
Nio A ADR,NIO
NiSource,NI
NL Industries,NL
Noah,NOAH
Noble Corp,NE
Nokia ADR,NOK
Nomad Foods,NOMD
Nomura ADR,NMR
Norbord,OSB
Nordic American Offshore,PSV
Nordic American Tankers,NAT
Nordstrom,JWN
Norfolk Southern,NSC
North American Construction,NOA
Northrop Grumman,NOC
Northwest Natural Gas,NWN
NorthWestern,NWE
Norwegian Cruise Line,NCLH
Novartis ADR,NVS
Novo Nordisk ADR,NVO
Now Inc,DNOW
NRG,NRG
Nu Skin,NUS
Nucor,NUE
Nutrien,NTR
nVent Electric,NVT
NVR,NVR
Occidental,OXY
Oceaneering,OII
Ocwen,OCN
OFG Bancorp,OFG
OGE Energy,OGE
Oi ADR,OIBRc
Oil States,OIS
Oil-Dri Of America,ODC
Old Republic,ORI
Olin,OLN
OM Asset,BSIG
Omega Healthcare,OHI
Omnicom,OMC
On Deck Capital Inc,ONDK
One Gas Inc,OGS
One Liberty,OLP
One Madison,PACK
OneMain Holdings,OMF
ONEOK,OKE
OneSmart,ONE
Ooma Inc,OOMA
Oppenheimer,OPY
Oracle,ORCL
Orange ADR,ORAN
Orchid Isla,ORC
Orion Engineered Carbons,OEC
Orion Group,ORN
Orix,IX
Ormat,ORA
Oshkosh,OSK
Osisko Gold Ro,OR
Outfront Media,OUT
Overseas Shipholding,OSG
Ovintiv,OVV
Owens Corning,OC
Owens&Minor,OMI
Owens-Illinois,OI
Owl Rock Capital,ORCC
Oxford Industries,OXM
Pacific Coast Oil Trust,ROYT
Pacific Drilling,PACD
Pacific Gas&Electric,PCG
Packaging America,PKG
Pagerduty,PD
PagSeguro Digital,PAGS
Palo Alto Networks,PANW
Pampa Energia ADR,PAM
Panhandle Royalty,PHX
Par Pacific Holdings,PARR
PAR Technology,PAR
Paramount Group Inc,PGRE
Park Electrochemical,PKE
Park Hotels & Resorts,PK
Parker-Hannifin,PH
Parsley Energy,PE
Parsons,PSN
Party City Holdco Inc,PRTY
Paycom Soft,PAYC
PBF Energy,PBF
Peabody Energy,BTU
Pearson ADR,PSO
Pebblebrook Hotel,PEB
Pennsylvania RE,PEI
PennyMac Financial,PFSI
PennyMac Mortgage,PMT
Penske Automotive,PAG
Pentair,PNR
Penumbra Inc,PEN
Performance Food Group Co,PFGC
PerkinElmer,PKI
Permianville Royalty,PVL
Perrigo,PRGO
Perspecta,PRSP
PetroChina ADR,PTR
Petroleo Brasileiro ADR Reptg 2 Pref,PBRa
Petroleo Brasileiro Petrobras ADR,PBR
Pfizer,PFE
PGT Innovations,PGTI
Philip Morris,PM
Phillips 66,PSX
Phoenix New Media,FENG
Phoenix Tree,DNK
Phreesia,PHR
Physicians Realty Trust,DOC
Piedmont Office,PDM
Pinnacle West,PNW
Pinterest,PINS
Pioneer Natural,PXD
Piper Jaffray,PIPR
Pitney Bowes,PBI
PJT Partners Inc,PJT
Planet Fitness Inc,PLNT
Plantronics,PLT
PlayAGS,AGS
PLDT ADR,PHI
Plymouth Industrial,PLYM
PNC Financial,PNC
PNM Resources,PNM
Polaris Industries,PII
PolyOne,POL
Portland General Electric,POR
POSCO,PKX
Post,POST
Postal Realty,PSTL
PPDAI,FINV
PPG Industries,PPG
PPL,PPL
PQ,PQG
Precision Drilling,PDS
Preferred Apt. Communities,APTS
Prestige Brand,PBH
Pretium Resources,PVG
Primerica,PRI
ProAssurance,PRA
Procter&Gamble,PG
Progressive,PGR
Prologis,PLD
ProPetro,PUMP
PROS,PRO
Prosight,PROS
Prosperity Bancshares,PB
Proto Labs,PRLB
Provident,PFS
Prudential Financial,PRU
Prudential Public ADR,PUK
PS Business Parks,PSB
PT Telekomunikasi Indonesia B,TLK
Public Service Enterprise,PEG
Public Storage,PSA
PulteGroup,PHM
Pure Storage Inc,PSTG
Puxin,NEW
PVH,PVH
Pyxus,PYX
Pzena Investment Management,PZN
Q2 Holdings,QTWO
QEP Resources,QEP
Qiagen,QGEN
QTS REIT,QTS
Quad Graphics,QUAD
Quaker Chemical,KWR
Quanex Building Products,NX
Quanta Services,PWR
Qudian Inc,QD
Quest Diagnostics,DGX
Quintana Energy Services,QES
Quotient Technology,QUOT
RA Medical Systems,RMED
Radian,RDN
Rafael B,RFL
Ralph Lauren A,RL
Range Resources,RRC
Ranger Energy Services,RNGR
Raymond James Financial,RJF
Rayonier,RYN
Rayonier Advanced Materials,RYAM
Raytheon Technologies,RTX
RBC,RY
Re Max Holding,RMAX
Ready Capital,RC
Realogy,RLGY
Realty Income,O
Red Lion Hotels,RLH
Redwood,RWT
Regal Beloit,RBC
Regional Management,RM
Regions Financial,RF
Regis,RGS
Reinsurance of America,RGA
Reliance Steel&Aluminum,RS
Relx ADR,RELX
Renaissancere,RNR
ReneSola,SOL
Renren,RENN
Republic Services,RSG
Resideo Tech,REZI
ResMed,RMD
Resolute Forest Products,RFP
Restaurant Brands Int,QSR
Retail Properties of America,RPAI
Retail Value,RVI
Rev Group,REVG
Revlon,REV
Revolve,RVLV
REX American Resources,REX
Rexford Inl Rty,REXR
Rexnord,RXN
RH,RH
Ringcentral Inc,RNG
Rio Tinto ADR,RIO
Ritchie Bros Auctioneers,RBA
Rite Aid,RAD
RLI,RLI
RLJ Lodging,RLJ
Roadrunner,RRTS
Robert Half,RHI
Rockwell Automation,ROK
Rogers,ROG
Rogers Communications,RCI
Rollins,ROL
Roper Technologies,ROP
Rosetta Stone,RST
Royal Bank Scotland,RBS
Royal Caribbean Cruises,RCL
Royal Dutch Shell ADR,RDSa
Royal Dutch Shell B ADR,RDSb
RPC,RES
RPM,RPM
RPT Realty,RPT
RR Donnelley & Sons,RRD
Rtw Retailwinds,RTW
Rubicon Pro,RUBI
RYB Education,RYB
Ryder System,R
Ryerson Holding,RYI
Ryman Hospitality Properties,RHP
S&P Global,SPGI
Sabesp ADR,SBS
Sabine Royalty Trust,SBR
Safe Bulkers,SB
Safeguard Scientifics,SFE
Safehold,SAFE
Sailpoint Tech,SAIL
Salesforce.com,CRM
Sally Beauty,SBH
Sandridge Energy,SD
SandRidge Permian Trust,PER
Sandstorm Gold Ltd N,SAND
Santander ADR,SAN
Santander Chile ADR,BSAC
Santander Consumer USA Holdings Inc,SC
Santander Mexico B ADR,BSMX
SAP ADR,SAP
Saratoga Investment Corp,SAR
Sasol ADR,SSL
Saul Centers,BFS
Schlumberger,SLB
Schneider National,SNDR
Schweitzer-Mauduit,SWM
SCI,SCI
Scnc App In,SAIC
Scorpio Bulkers,SALT
Scorpio Tankers,STNG
Scotts Miracle-Gro,SMG
Sculptor Capital,SCU
Sea,SE
Seabridge Gold,SA
SEACOR,CKH
SEACOR Marine,SMHI
Seadrill Ltd,SDRL
Sealed Air,SEE
Seaspan,ATCO
SeaWorld Entertainment,SEAS
Select Energy Services,WTTR
Select Medical,SEM
Sempra Energy,SRE
Sensata Tech,ST
Sensient Technologies,SXT
Sequans Communications,SQNS
Seritage Growth Properties,SRG
Sermaster G,SERV
ServiceNow Inc,NOW
Shake Shack Inc,SHAK
Shaw B,SJR
Sherwin-Williams,SHW
Shinhan,SHG
Ship Finance Int,SFL
Shopify Inc,SHOP
Shutterstock,SSTK
Sibanye Gold ADR,SBSW
Signet Jewelers,SIG
SilverBow,SBOW
Simon Property,SPG
Simpson Manufacturing,SSD
Sinopec Shanghai Petrochemical ADR,SHI
Site Centers,SITC
Siteone Landscape Supply,SITE
Six Flags,SIX
SJW,SJW
SK Telecom ADR,SKM
Skechers,SKX
Skyline,SKY
SL Green,SLG
Slack,WORK
SM Energy,SM
Smartsheet,SMAR
Smith&Nephew SNATS,SNN
Snap,SNAP
Snap-On,SNA
Sociedad Quimica y Minera,SQM
SOGOU,SOGO
Solaris Oilfield,SOI
SolarWinds Corp,SWI
Sonic Automotive,SAH
Sonoco Products,SON
Sony ADR,SNE
South Jersey Industries,SJI
Southern,SO
Southern Copper,SCCO
Southwest Airlines,LUV
Southwest Gas Hold,SWX
Southwestern Energy,SWN
Spartan Energy,SPAQ
Spectrum Brands,SPB
Spire,SR
Spirit Aerosystems,SPR
Spirit Airlines,SAVE
Spirit Realty,SRC
Spotify Tech,SPOT
SPX Corp,SPXC
SPX FLOW Inc,FLOW
Square Inc,SQ
St Joe,JOE
STAG Industrial,STAG
Stage Stores,SSI
Standard Motor Products,SMP
Standex,SXI
Stanley Black Decker,SWK
Stantec,STN
StarTek,SRT
Starwood Property,STWD
State Street,STT
Steelcase,SCS
Stellus Capital Investment,SCM
Stepan,SCL
STERIS,STE
Sterling Bancorp,STL
Stewart Info Services,STC
Stifel,SF
STMicroelectronics ADR,STM
Stoneridge,SRI
Store Capital Corp,STOR
Stryker,SYK
Studio City,MSC
Sturm Ruger&Company,RGR
Sumitomo Mitsui Financial ADR,SMFG
Summit Hotel Properties,INN
Summit Materials Inc,SUM
Sun,SUI
Sun Life Financial,SLF
SunCoke Energy,SXC
Suncor Energy,SU
Sunlands Online,STG
Sunnova Energy,NOVA
Sunstone Hotel Investors,SHO
Superior Industries,SUP
Suzano Papel ADR,SUZ
Switch,SWCH
Synchrony Financial,SYF
Synnex,SNX
Synovus,SNV
Sysco,SYY
Systemax,SYX
Tailored Brands,TLRD
Taiwan Semiconductor,TSM
Takeda Pharma ADR,TAK
TAL Education,TAL
Talos Energy,TALO
Tanger Factory Outlet Centers,SKT
Tapestry,TPR
Targa Resources,TRGP
Target,TGT
Taro Pharma Industries,TARO
Tata Motors ADR,TTM
Taubman Centers,TCO
Taylor Morn Home,TMHC
TC Energy,TRP
TE Connectivity,TEL
Team,TISI
TechnipFMC,FTI
Teck Resources B,TECK
Teekay,TK
Teekay Tankers,TNK
Tegna,TGNA
Tejon Ranch,TRC
Teladoc Inc,TDOC
Telecom Argentina ADR,TEO
Teledyne Technologies,TDY
Teleflex,TFX
Telefonica ADR,TEF
Telefonica Brasil ADR,VIV
Telephone&Data Systems,TDS
TELUS,TU
Tempur Sealy,TPX
Tenaris ADR,TS
Tencent Music Entertainment Group,TME
Tenet Healthcare,THC
Tennant,TNC
Tenneco,TEN
Teradata,TDC
Terex,TEX
Ternium ADR,TX
Terreno,TRNO
Tetra Technologies,TTI
Teva ADR,TEVA
Texas Pacific Land Trust,TPL
Textainer,TGH
Textron,TXT
TFI Intl,TFII
The AES,AES
The Blackstone,BX
The Hanover Insurance,THG
Thermo Fisher Scientific,TMO
Thermon,THR
Third Point Rens,TPRE
Thomson Reuters,TRI
Thor Industries,THO
Tidewater,TDW
Tiffany&Co,TIF
Tillys,TLYS
TIM Participacoes,TSU
Timken,TKR
Timkensteel Corp,TMST
Titan,TWI
TJX,TJX
Toll Brothers,TOL
Tootsie Roll Industries,TR
Topbuild Corp,BLD
Torchmark,GL
Toro,TTC
Toronto Dominion Bank,TD
Total ADR,TOT
Townsquare Media LLC,TSQ
Toyota Motor ADR,TM
TPG Pace,ACEL
TPG RE Finance,TRTX
Tpg Speclty,TSLX
Trane Technologies,TT
TransAlta Corp,TAC
Transcontinental,TCI
Transdigm,TDG
Transocean,RIG
Transportadora Gas ADR,TGS
TransUnion,TRU
Travelers,TRV
Trecora Resources,TREC
Tredegar,TG
Treehouse Foods,THS
Trex,TREX
TRI Pointe Homes,TPH
Trinet Grou,TNET
Trinity Industries,TRN
Trinseo SA,TSE
Triple-S Management,GTS
Triton Int,TRTN
Triumph,TGI
Tronox,TROX
TrueBlue,TBI
Truist Financial Corp,TFC
Tsakos Energy,TNP
Tufin Software,TUFN
Tupperware Brands,TUP
Turkcell Iletisim Hizmetleri,TKC
Turning Point Brands,TPB
Turquoise Hill Resources,TRQ
Tutor Perini,TPC
Twilio,TWLO
Twin River,TRWH
Twitter Inc,TWTR
Two Harbors,TWO
Tyler Technologies,TYL
Tyson Foods,TSN
Uber Tech,UBER
Ubiquiti,UI
UBS Group,UBS
UGI,UGI
Ultrapar Participacoes,UGP
UMH Properties,UMH
Under Armour A,UAA
Under Armour C,UA
Unifi,UFI
Unifirst,UNF
Unilever ADR,UL
Unilever NV ADR,UN
Union Pacific,UNP
Unisys,UIS
Unit,UNT
United Dominion,UDR
United Microelectronics,UMC
United Natural Foods,UNFI
United Parcel Service,UPS
United Rentals,URI
United States Cellular,USM
United States Steel,X
UnitedHealth,UNH
UNITIL,UTL
Univar Inc,UNVR
Universal,UVV
Universal Health RI,UHT
Universal Health Services,UHS
Universal Insurance,UVE
Universal Technical Institute,UTI
Unum,UNM
Urban Edge Properties,UE
Urstadt Biddle,UBP
Urstadt Biddle Properties,UBA
US Bancorp,USB
US Foods,USFD
US Physicalrapy,USPH
US Silica,SLCA
US Xpress,USX
USANA Health Sciences,USNA
Vaalco Energy,EGY
Vail Resorts,MTN
Vale ADR,VALE
Valero Energy,VLO
Valhi,VHI
Valmont Industries,VMI
Valvoline,VVV
Vapotherm Inc,VAPO
Varian,VAR
Vector,VGR
Vectrus Inc,VEC
Vedanta Ltd,VEDL
Veeva Systems A,VEEV
Velocity Fin,VEL
Venator Materials,VNTR
Ventas,VTR
Veoneer,VNE
Vereit,VER
Veritiv Cor,VRTV
Verizon,VZ
Vermilion Energy,VET
Verso,VRS
Vertiv Holdings Co,VRT
VF,VFC
Viad,VVI
VICI Properties,VICI
Vince,VNCE
Vipshop,VIPS
Visa A,V
Vishay Intertechnology,VSH
Vishay Precision,VPG
Vista Oil Gas,VIST
Vista Outdoor Inc,VSTO
Vistra Energy,VST
Vivint Solar Inc,VSLR
VMware,VMW
VOC Energy Trust,VOC
Vocera,VCRA
Vornado,VNO
Voxeljet Ag,VJET
Voya Financial Inc,VOYA
Vuela,VLRS
Vulcan Materials,VMC
W P Carey Inc,WPC
W&T Offshore,WTI
Wabash National,WNC
Wabco,WBC
Waddell&Reed Financial,WDR
Walker&Dunlop,WD
Walmart,WMT
Walt Disney,DIS
Warrior Met Coal,HCC
Washington Prime,WPG
Washington RE Investment,WRE
Waste Connections,WCN
Waste Management,WM
Waters,WAT
Watsco,WSO
Watsco B Inc,WSOb
Watts Water Technologies,WTS
Wayfair Inc,W
Webster Financial,WBS
WEC Energy,WEC
Weidai,WEI
Weingarten Realty,WRI
Weis Markets,WMK
Wells Fargo&Co,WFC
Welltower,WELL
WESCO,WCC
West Pharmaceutical Services,WST
Western Alliance,WAL
Western Asset Mortgage,WMC
Western Union,WU
Westinghouse Air Brake,WAB
Westlake Chemical,WLK
Westpac Banking ADR,WBK
WestRock Co,WRK
Westwood,WHG
Wex,WEX
Weyerhaeuser,WY
Wheaton Precious Metals,WPM
Whirlpool,WHR
White Mountains Insurance,WTM
Whitestone,WSR
Whiting Petroleum,WLL
WideOpenWest,WOW
Williams,WMB
Williams-Sonoma,WSM
Winnebago Industries,WGO
Wipro ADR,WIT
WNS Holdings,WNS
Wolverine,WWW
Woori Financial,WF
Workiva Inc,WK
World Fuel Services,INT
Worthington Industries,WOR
WPP ADR,WPP
WPX Energy,WPX
WR Berkley,WRB
WR Grace&Co,GRA
WW Grainger,GWW
WWE,WWE
Wyndham,WYND
Wyndham Hotels,WH
X Financial A,XYF
Xenia Hotels & Resorts Inc,XHR
Xerox,XRX
Xinyuan RE,XIN
XPO Logistics,XPO
Xylem,XYL
Yamana Gold,AUY
Yelp,YELP
YETI,YETI
Yext,YEXT
Yirendai Ltd,YRD
Youdao,DAO
YPF Sociedad Anonima,YPF
Yum China Holdings,YUMC
Yum! Brands,YUM
Zendesk Inc,ZEN
Zimmer Biomet,ZBH
Zoetis Inc,ZTS
ZTO Express Cayman,ZTO
Zuora,ZUO
Zymeworks,ZYME
3D Systems,DDD
3D Systems,DDD
3D Systems,DDD
3D Systems,DDD
3D Systems,DDD
3D Systems,DDD
3D Systems,DDD
3D Systems,DDD
3D Systems,DDD
3D Systems,DDD
3D Systems,DDD
3D Systems,DDD
3D Systems,DDD
3D Systems,DDD
3D Systems,DDD
500.Com,WBAI
